Image Link,Shoe Name,Price
//us.princesspolly.com/cdn/shop/files/0_86b10843-5942-4c8b-8590-42092a1b8990_450x610.jpg?v=1701999903,The Mona Heels Black,$45.00
//us.princesspolly.com/cdn/shop/products/0_73c97fd2-d0a1-4998-877e-5dafca6911d0_450x610.jpg?v=1632273250,The Becka Heels Beige,$45.00
//us.princesspolly.com/cdn/shop/files/ELODIEEKNEEHIGHBOOTSBLACK-1_450x610.jpg?v=1698883022,Elodiee Knee High Boots Black,$80.00
//us.princesspolly.com/cdn/shop/products/WINDSOR-SMITH-WHITE-RACERR-SNEAKERS_24e1fe6e-325a-44d2-b9d4-367551ddfc15_450x610.jpg?v=1655402999,Windsor Smith White Racerr Sneakers,$119.00
//us.princesspolly.com/cdn/shop/products/WINDSOR-SMITH-WHITE-RACERR-SNEAKERS_24e1fe6e-325a-44d2-b9d4-367551ddfc15_450x610.jpg?v=1655402999,Billini Ayla Pointed Toe Heels Black,$75.00
//us.princesspolly.com/cdn/shop/products/WINDSOR-SMITH-WHITE-RACERR-SNEAKERS_24e1fe6e-325a-44d2-b9d4-367551ddfc15_450x610.jpg?v=1655402999,Billini Silas Heels White,$75.00
//us.princesspolly.com/cdn/shop/products/WINDSOR-SMITH-WHITE-RACERR-SNEAKERS_24e1fe6e-325a-44d2-b9d4-367551ddfc15_450x610.jpg?v=1655402999,Billini Samba Heels Black,$75.00
//us.princesspolly.com/cdn/shop/products/WINDSOR-SMITH-WHITE-RACERR-SNEAKERS_24e1fe6e-325a-44d2-b9d4-367551ddfc15_450x610.jpg?v=1655402999,Billini Yazmin Heels White,$75.00
//us.princesspolly.com/cdn/shop/products/WINDSOR-SMITH-WHITE-RACERR-SNEAKERS_24e1fe6e-325a-44d2-b9d4-367551ddfc15_450x610.jpg?v=1655402999,Billini Montague Heels Black,$75.00
//us.princesspolly.com/cdn/shop/products/WINDSOR-SMITH-WHITE-RACERR-SNEAKERS_24e1fe6e-325a-44d2-b9d4-367551ddfc15_450x610.jpg?v=1655402999,Moxie Knee High Boots Black,$110.00
//us.princesspolly.com/cdn/shop/products/WINDSOR-SMITH-WHITE-RACERR-SNEAKERS_24e1fe6e-325a-44d2-b9d4-367551ddfc15_450x610.jpg?v=1655402999,Caroline Heels Red,$45.00
//us.princesspolly.com/cdn/shop/products/WINDSOR-SMITH-WHITE-RACERR-SNEAKERS_24e1fe6e-325a-44d2-b9d4-367551ddfc15_450x610.jpg?v=1655402999,Teala Boots Black,$95.00
//us.princesspolly.com/cdn/shop/products/WINDSOR-SMITH-WHITE-RACERR-SNEAKERS_24e1fe6e-325a-44d2-b9d4-367551ddfc15_450x610.jpg?v=1655402999,Ma Belle Sandals Contrast Stitch,$64.00
//us.princesspolly.com/cdn/shop/products/WINDSOR-SMITH-WHITE-RACERR-SNEAKERS_24e1fe6e-325a-44d2-b9d4-367551ddfc15_450x610.jpg?v=1655402999,Wrecked Western Boots Black,$89.00
//us.princesspolly.com/cdn/shop/products/WINDSOR-SMITH-WHITE-RACERR-SNEAKERS_24e1fe6e-325a-44d2-b9d4-367551ddfc15_450x610.jpg?v=1655402999,Therapy Sable Platforms,$59.00
//us.princesspolly.com/cdn/shop/products/WINDSOR-SMITH-WHITE-RACERR-SNEAKERS_24e1fe6e-325a-44d2-b9d4-367551ddfc15_450x610.jpg?v=1655402999,Compelling Pointed Toe Heels Beige,$55.00
//us.princesspolly.com/cdn/shop/products/WINDSOR-SMITH-WHITE-RACERR-SNEAKERS_24e1fe6e-325a-44d2-b9d4-367551ddfc15_450x610.jpg?v=1655402999,Sunset Boulevard Heels White,$59.00
//us.princesspolly.com/cdn/shop/products/WINDSOR-SMITH-WHITE-RACERR-SNEAKERS_24e1fe6e-325a-44d2-b9d4-367551ddfc15_450x610.jpg?v=1655402999,The Becka Heels White,$45.00
//us.princesspolly.com/cdn/shop/products/WINDSOR-SMITH-WHITE-RACERR-SNEAKERS_24e1fe6e-325a-44d2-b9d4-367551ddfc15_450x610.jpg?v=1655402999,Therapy Clayton Boots White,$77.00
//us.princesspolly.com/cdn/shop/products/WINDSOR-SMITH-WHITE-RACERR-SNEAKERS_24e1fe6e-325a-44d2-b9d4-367551ddfc15_450x610.jpg?v=1655402999,Tampa Sandals Black,$59.00
//us.princesspolly.com/cdn/shop/products/WINDSOR-SMITH-WHITE-RACERR-SNEAKERS_24e1fe6e-325a-44d2-b9d4-367551ddfc15_450x610.jpg?v=1655402999,Ma Belle Sandals Contrast Stitch Chocolate,$64.00
//us.princesspolly.com/cdn/shop/products/WINDSOR-SMITH-WHITE-RACERR-SNEAKERS_24e1fe6e-325a-44d2-b9d4-367551ddfc15_450x610.jpg?v=1655402999,Riki Mini Belt Sandals Black,$65.00
//us.princesspolly.com/cdn/shop/products/WINDSOR-SMITH-WHITE-RACERR-SNEAKERS_24e1fe6e-325a-44d2-b9d4-367551ddfc15_450x610.jpg?v=1655402999,Ma Belle Sandals All White,$64.00
//us.princesspolly.com/cdn/shop/products/WINDSOR-SMITH-WHITE-RACERR-SNEAKERS_24e1fe6e-325a-44d2-b9d4-367551ddfc15_450x610.jpg?v=1655402999,Ma Belle Sandals Chocolate,$64.00
//us.princesspolly.com/cdn/shop/products/WINDSOR-SMITH-WHITE-RACERR-SNEAKERS_24e1fe6e-325a-44d2-b9d4-367551ddfc15_450x610.jpg?v=1655402999,The Becka Heels Black,$45.00
//us.princesspolly.com/cdn/shop/products/WINDSOR-SMITH-WHITE-RACERR-SNEAKERS_24e1fe6e-325a-44d2-b9d4-367551ddfc15_450x610.jpg?v=1655402999,Charisma Pointed Toe Heels Dusty Pink,$55.00
//us.princesspolly.com/cdn/shop/products/WINDSOR-SMITH-WHITE-RACERR-SNEAKERS_24e1fe6e-325a-44d2-b9d4-367551ddfc15_450x610.jpg?v=1655402999,The Lena Heels White,$50.00
//us.princesspolly.com/cdn/shop/products/WINDSOR-SMITH-WHITE-RACERR-SNEAKERS_24e1fe6e-325a-44d2-b9d4-367551ddfc15_450x610.jpg?v=1655402999,Renzo Knee High Boots Brown,$75.00
//us.princesspolly.com/cdn/shop/products/WINDSOR-SMITH-WHITE-RACERR-SNEAKERS_24e1fe6e-325a-44d2-b9d4-367551ddfc15_450x610.jpg?v=1655402999,Barbados Sandals Natural,$65.00
//us.princesspolly.com/cdn/shop/products/WINDSOR-SMITH-WHITE-RACERR-SNEAKERS_24e1fe6e-325a-44d2-b9d4-367551ddfc15_450x610.jpg?v=1655402999,Billini Urson Boots White,$115.00
//us.princesspolly.com/cdn/shop/products/WINDSOR-SMITH-WHITE-RACERR-SNEAKERS_24e1fe6e-325a-44d2-b9d4-367551ddfc15_450x610.jpg?v=1655402999,Voodoo Sandals Black,$65.00
//us.princesspolly.com/cdn/shop/products/WINDSOR-SMITH-WHITE-RACERR-SNEAKERS_24e1fe6e-325a-44d2-b9d4-367551ddfc15_450x610.jpg?v=1655402999,Ma Belle Sandals Black,$64.00
//us.princesspolly.com/cdn/shop/products/WINDSOR-SMITH-WHITE-RACERR-SNEAKERS_24e1fe6e-325a-44d2-b9d4-367551ddfc15_450x610.jpg?v=1655402999,Caroline Heels Silver,$45.00
//us.princesspolly.com/cdn/shop/products/WINDSOR-SMITH-WHITE-RACERR-SNEAKERS_24e1fe6e-325a-44d2-b9d4-367551ddfc15_450x610.jpg?v=1655402999,Britta Platform Heels Black,$65.00
//us.princesspolly.com/cdn/shop/products/WINDSOR-SMITH-WHITE-RACERR-SNEAKERS_24e1fe6e-325a-44d2-b9d4-367551ddfc15_450x610.jpg?v=1655402999,Hardy Boots Black,$109.00
//us.princesspolly.com/cdn/shop/products/WINDSOR-SMITH-WHITE-RACERR-SNEAKERS_24e1fe6e-325a-44d2-b9d4-367551ddfc15_450x610.jpg?v=1655402999,Billini Urson Boots Chocolate / White,$115.00
//us.princesspolly.com/cdn/shop/products/WINDSOR-SMITH-WHITE-RACERR-SNEAKERS_24e1fe6e-325a-44d2-b9d4-367551ddfc15_450x610.jpg?v=1655402999,Therapy Nawty Sandals Black,$79.95
//us.princesspolly.com/cdn/shop/products/WINDSOR-SMITH-WHITE-RACERR-SNEAKERS_24e1fe6e-325a-44d2-b9d4-367551ddfc15_450x610.jpg?v=1655402999,Everlasting Satin Platform Heels Champagne,$75.00
//us.princesspolly.com/cdn/shop/products/WINDSOR-SMITH-WHITE-RACERR-SNEAKERS_24e1fe6e-325a-44d2-b9d4-367551ddfc15_450x610.jpg?v=1655402999,Calile Heels Black,$55.00
//us.princesspolly.com/cdn/shop/products/WINDSOR-SMITH-WHITE-RACERR-SNEAKERS_24e1fe6e-325a-44d2-b9d4-367551ddfc15_450x610.jpg?v=1655402999,Billini Norva Boots Bone / Black,$115.00
//us.princesspolly.com/cdn/shop/products/WINDSOR-SMITH-WHITE-RACERR-SNEAKERS_24e1fe6e-325a-44d2-b9d4-367551ddfc15_450x610.jpg?v=1655402999,Capri Loafers Black,$65.00
//us.princesspolly.com/cdn/shop/products/WINDSOR-SMITH-WHITE-RACERR-SNEAKERS_24e1fe6e-325a-44d2-b9d4-367551ddfc15_450x610.jpg?v=1655402999,Berta Heels Black Patent,$50.00
//us.princesspolly.com/cdn/shop/products/WINDSOR-SMITH-WHITE-RACERR-SNEAKERS_24e1fe6e-325a-44d2-b9d4-367551ddfc15_450x610.jpg?v=1655402999,Bayshore Sandals White,$65.00
//us.princesspolly.com/cdn/shop/products/WINDSOR-SMITH-WHITE-RACERR-SNEAKERS_24e1fe6e-325a-44d2-b9d4-367551ddfc15_450x610.jpg?v=1655402999,Cammie Heels Cream,$65.00
//us.princesspolly.com/cdn/shop/products/WINDSOR-SMITH-WHITE-RACERR-SNEAKERS_24e1fe6e-325a-44d2-b9d4-367551ddfc15_450x610.jpg?v=1655402999,Teala Boots Brown,$95.00
//us.princesspolly.com/cdn/shop/products/WINDSOR-SMITH-WHITE-RACERR-SNEAKERS_24e1fe6e-325a-44d2-b9d4-367551ddfc15_450x610.jpg?v=1655402999,Alto Platform Heels Matte White,$69.00
//us.princesspolly.com/cdn/shop/products/WINDSOR-SMITH-WHITE-RACERR-SNEAKERS_24e1fe6e-325a-44d2-b9d4-367551ddfc15_450x610.jpg?v=1655402999,Jesper Espadrille Wedged Heels White Croc,$59.00
//us.princesspolly.com/cdn/shop/products/WINDSOR-SMITH-WHITE-RACERR-SNEAKERS_24e1fe6e-325a-44d2-b9d4-367551ddfc15_450x610.jpg?v=1655402999,Cammie Heels Black,$65.00
//us.princesspolly.com/cdn/shop/products/0_2976252f-b16c-44e3-9552-efede50825a3_450x610.jpg?v=1658465716,Tampa Sandals Beige,$59.00
//us.princesspolly.com/cdn/shop/files/0_fe3440c6-0cb3-401f-9763-addfac151762_450x610.jpg?v=1701667720,Roxxie Sandals Beige Linen,$70.00
//us.princesspolly.com/cdn/shop/files/BILLINI-URSON-BOOTS-TAN_450x610.jpg?v=1714537304,Billini Urson Boots Tan,$115.00
//us.princesspolly.com/cdn/shop/products/0_decb9a78-5473-426d-baed-dd84a0ce80a1_450x610.jpg?v=1649913830,Shoreside Sandals Natural,$55.00
//us.princesspolly.com/cdn/shop/products/0_decb9a78-5473-426d-baed-dd84a0ce80a1_450x610.jpg?v=1649913830,Remi Sandals Chocolate,$59.00
//us.princesspolly.com/cdn/shop/products/0_decb9a78-5473-426d-baed-dd84a0ce80a1_450x610.jpg?v=1649913830,Keeley Boots Matte Black,$80.00
//us.princesspolly.com/cdn/shop/products/0_decb9a78-5473-426d-baed-dd84a0ce80a1_450x610.jpg?v=1649913830,Riley Boots Black,$80.00
//us.princesspolly.com/cdn/shop/products/0_decb9a78-5473-426d-baed-dd84a0ce80a1_450x610.jpg?v=1649913830,Halo Boots Black,$70.00
//us.princesspolly.com/cdn/shop/products/0_decb9a78-5473-426d-baed-dd84a0ce80a1_450x610.jpg?v=1649913830,Fairytale Heels Cream,$69.00
//us.princesspolly.com/cdn/shop/products/0_decb9a78-5473-426d-baed-dd84a0ce80a1_450x610.jpg?v=1649913830,Montgomery Boots Matte Black,$89.00
//us.princesspolly.com/cdn/shop/products/0_decb9a78-5473-426d-baed-dd84a0ce80a1_450x610.jpg?v=1649913830,Pump It Up Platforms White,$65.00
//us.princesspolly.com/cdn/shop/products/0_decb9a78-5473-426d-baed-dd84a0ce80a1_450x610.jpg?v=1649913830,Aja Sandals Black,$75.00
//us.princesspolly.com/cdn/shop/products/0_decb9a78-5473-426d-baed-dd84a0ce80a1_450x610.jpg?v=1649913830,Lipstik Eamon Boots Black,$95.00
//us.princesspolly.com/cdn/shop/products/0_decb9a78-5473-426d-baed-dd84a0ce80a1_450x610.jpg?v=1649913830,Therapy Stunna Black Heels,$65.00
//us.princesspolly.com/cdn/shop/products/0_decb9a78-5473-426d-baed-dd84a0ce80a1_450x610.jpg?v=1649913830,Ma Belle Sandals Cream Suede,$64.00
//us.princesspolly.com/cdn/shop/products/0_decb9a78-5473-426d-baed-dd84a0ce80a1_450x610.jpg?v=1649913830,Philly Sandals Black,$75.00
//us.princesspolly.com/cdn/shop/products/0_decb9a78-5473-426d-baed-dd84a0ce80a1_450x610.jpg?v=1649913830,Caprice Heels White,$69.00
//us.princesspolly.com/cdn/shop/products/0_decb9a78-5473-426d-baed-dd84a0ce80a1_450x610.jpg?v=1649913830,Blair Sneakers White,$49.00
//us.princesspolly.com/cdn/shop/products/0_decb9a78-5473-426d-baed-dd84a0ce80a1_450x610.jpg?v=1649913830,Ma Belle Sandals Tan,$64.00
//us.princesspolly.com/cdn/shop/products/0_decb9a78-5473-426d-baed-dd84a0ce80a1_450x610.jpg?v=1649913830,La Belle Heels Bone,$90.00
//us.princesspolly.com/cdn/shop/products/0_decb9a78-5473-426d-baed-dd84a0ce80a1_450x610.jpg?v=1649913830,The Jessa Boots Black,$80.00
//us.princesspolly.com/cdn/shop/products/0_decb9a78-5473-426d-baed-dd84a0ce80a1_450x610.jpg?v=1649913830,Pump It Up Platforms,$65.00
//us.princesspolly.com/cdn/shop/products/0_decb9a78-5473-426d-baed-dd84a0ce80a1_450x610.jpg?v=1649913830,Renzo Knee High Boots Black,$75.00
//us.princesspolly.com/cdn/shop/products/0_decb9a78-5473-426d-baed-dd84a0ce80a1_450x610.jpg?v=1649913830,Hailee Boots Red,$70.00
//us.princesspolly.com/cdn/shop/products/0_decb9a78-5473-426d-baed-dd84a0ce80a1_450x610.jpg?v=1649913830,Brielle Heels Pink,$63.00
//us.princesspolly.com/cdn/shop/products/0_decb9a78-5473-426d-baed-dd84a0ce80a1_450x610.jpg?v=1649913830,Tessie Ankle Strap Heels Matte Black,$59.00
//us.princesspolly.com/cdn/shop/products/0_decb9a78-5473-426d-baed-dd84a0ce80a1_450x610.jpg?v=1649913830,Crawley Sandals Cream,$69.00
//us.princesspolly.com/cdn/shop/products/0_decb9a78-5473-426d-baed-dd84a0ce80a1_450x610.jpg?v=1649913830,Therapy Goldie Heels White,$52.00
//us.princesspolly.com/cdn/shop/products/0_decb9a78-5473-426d-baed-dd84a0ce80a1_450x610.jpg?v=1649913830,Brook Heels White,$80.00
//us.princesspolly.com/cdn/shop/products/0_decb9a78-5473-426d-baed-dd84a0ce80a1_450x610.jpg?v=1649913830,Kyleigh Boots Brown,$75.00
//us.princesspolly.com/cdn/shop/products/0_decb9a78-5473-426d-baed-dd84a0ce80a1_450x610.jpg?v=1649913830,Infinity Heels Black,$52.00
//us.princesspolly.com/cdn/shop/products/0_decb9a78-5473-426d-baed-dd84a0ce80a1_450x610.jpg?v=1649913830,Sunset Boulevard Heels Pink,$59.00
//us.princesspolly.com/cdn/shop/products/0_decb9a78-5473-426d-baed-dd84a0ce80a1_450x610.jpg?v=1649913830,The Kia Boots Black,$69.00
//us.princesspolly.com/cdn/shop/products/0_decb9a78-5473-426d-baed-dd84a0ce80a1_450x610.jpg?v=1649913830,Ryker Sandals Black,$65.00
//us.princesspolly.com/cdn/shop/products/0_decb9a78-5473-426d-baed-dd84a0ce80a1_450x610.jpg?v=1649913830,Zumma Flats Patent Black,$75.00
//us.princesspolly.com/cdn/shop/products/0_decb9a78-5473-426d-baed-dd84a0ce80a1_450x610.jpg?v=1649913830,Signature Heels Blue Denim,$55.00
//us.princesspolly.com/cdn/shop/products/0_decb9a78-5473-426d-baed-dd84a0ce80a1_450x610.jpg?v=1649913830,Elodiee Knee High Boots Cream,$80.00
//us.princesspolly.com/cdn/shop/products/0_decb9a78-5473-426d-baed-dd84a0ce80a1_450x610.jpg?v=1649913830,Zayas Knee High Boots Black,$89.00
//us.princesspolly.com/cdn/shop/products/0_decb9a78-5473-426d-baed-dd84a0ce80a1_450x610.jpg?v=1649913830,Douglas Boots Black,$80.00
//us.princesspolly.com/cdn/shop/products/0_decb9a78-5473-426d-baed-dd84a0ce80a1_450x610.jpg?v=1649913830,Windsor Smith Lupe Sneakers White,$145.00
//us.princesspolly.com/cdn/shop/products/0_decb9a78-5473-426d-baed-dd84a0ce80a1_450x610.jpg?v=1649913830,Shelbey Sandals Black,$70.00
//us.princesspolly.com/cdn/shop/products/0_decb9a78-5473-426d-baed-dd84a0ce80a1_450x610.jpg?v=1649913830,Anysa Bow Heels Black,$60.00
//us.princesspolly.com/cdn/shop/products/0_decb9a78-5473-426d-baed-dd84a0ce80a1_450x610.jpg?v=1649913830,Regal Knee High Boots Black,$110.00
//us.princesspolly.com/cdn/shop/products/0_decb9a78-5473-426d-baed-dd84a0ce80a1_450x610.jpg?v=1649913830,Michelle Boots Black,$69.00
//us.princesspolly.com/cdn/shop/products/0_decb9a78-5473-426d-baed-dd84a0ce80a1_450x610.jpg?v=1649913830,Billini Yazmin Heels Black,$75.00
//us.princesspolly.com/cdn/shop/products/0_decb9a78-5473-426d-baed-dd84a0ce80a1_450x610.jpg?v=1649913830,Ryland Sandals Black,$75.00
//us.princesspolly.com/cdn/shop/products/0_decb9a78-5473-426d-baed-dd84a0ce80a1_450x610.jpg?v=1649913830,Lita Heels Black,$50.00
//us.princesspolly.com/cdn/shop/products/0_decb9a78-5473-426d-baed-dd84a0ce80a1_450x610.jpg?v=1649913830,Ma Belle Sandals Suede Taupe,$64.00
//us.princesspolly.com/cdn/shop/files/0_8351093e-29c5-4b2b-a5f5-391566e9fe1e_450x610.jpg?v=1700605646,Nova Ballet Flats Black,$45.00
//us.princesspolly.com/cdn/shop/files/Westcott-Knee-High-Boots-Black_5e6dd9f2-dd9a-449f-8c57-19a17f99bcde_450x610.jpg?v=1718250703,Westcott Knee High Boots Black,$100.00
//us.princesspolly.com/cdn/shop/products/1_164_538_450x610.jpg?v=1709581021,Windsor Smith Lux Sneakers White,$129.00
//us.princesspolly.com/cdn/shop/files/0_39ede8cb-c1c4-4a13-b1d5-8adabb448758_450x610.jpg?v=1715829803,Billini Jeani Pointed Toe Heels Black,$80.00
//us.princesspolly.com/cdn/shop/files/0_39ede8cb-c1c4-4a13-b1d5-8adabb448758_450x610.jpg?v=1715829803,Europa Sneakers White,$50.00
//us.princesspolly.com/cdn/shop/files/0_39ede8cb-c1c4-4a13-b1d5-8adabb448758_450x610.jpg?v=1715829803,Hugo Flatforms Black,$69.00
//us.princesspolly.com/cdn/shop/files/0_39ede8cb-c1c4-4a13-b1d5-8adabb448758_450x610.jpg?v=1715829803,Wrecked Western Boots Brown,$89.00
//us.princesspolly.com/cdn/shop/files/0_39ede8cb-c1c4-4a13-b1d5-8adabb448758_450x610.jpg?v=1715829803,Garbo Boots Black,$95.00
//us.princesspolly.com/cdn/shop/files/0_39ede8cb-c1c4-4a13-b1d5-8adabb448758_450x610.jpg?v=1715829803,Sophia Heels Denim,$60.00
//us.princesspolly.com/cdn/shop/files/0_39ede8cb-c1c4-4a13-b1d5-8adabb448758_450x610.jpg?v=1715829803,Franz Shearling Boots Dark Brown,$65.00
//us.princesspolly.com/cdn/shop/files/0_39ede8cb-c1c4-4a13-b1d5-8adabb448758_450x610.jpg?v=1715829803,Alexx Knee High Boots Burgundy,$75.00
//us.princesspolly.com/cdn/shop/files/0_39ede8cb-c1c4-4a13-b1d5-8adabb448758_450x610.jpg?v=1715829803,Franz Shearling Boots Brown,$65.00
//us.princesspolly.com/cdn/shop/files/0_39ede8cb-c1c4-4a13-b1d5-8adabb448758_450x610.jpg?v=1715829803,Mallari Heels Chrome,$69.00
//us.princesspolly.com/cdn/shop/files/0_39ede8cb-c1c4-4a13-b1d5-8adabb448758_450x610.jpg?v=1715829803,Windsor Smith BadGirls Black Stretch Sock Boots,$149.00
//us.princesspolly.com/cdn/shop/files/0_39ede8cb-c1c4-4a13-b1d5-8adabb448758_450x610.jpg?v=1715829803,Jamie Croc Platform Boots Black,$70.00
//us.princesspolly.com/cdn/shop/files/0_39ede8cb-c1c4-4a13-b1d5-8adabb448758_450x610.jpg?v=1715829803,Therapy Camellia Heels Cashew,$55.00
//us.princesspolly.com/cdn/shop/files/0_39ede8cb-c1c4-4a13-b1d5-8adabb448758_450x610.jpg?v=1715829803,Metropolitan Heels Black,$22.00
//us.princesspolly.com/cdn/shop/files/0_39ede8cb-c1c4-4a13-b1d5-8adabb448758_450x610.jpg?v=1715829803,Penny Lane Loafers Black,$52.50
//us.princesspolly.com/cdn/shop/files/0_39ede8cb-c1c4-4a13-b1d5-8adabb448758_450x610.jpg?v=1715829803,Eastern Boots White,$21.00
//us.princesspolly.com/cdn/shop/files/0_39ede8cb-c1c4-4a13-b1d5-8adabb448758_450x610.jpg?v=1715829803,Ma Belle Sandals Brown Suede,$33.00
//us.princesspolly.com/cdn/shop/files/0_39ede8cb-c1c4-4a13-b1d5-8adabb448758_450x610.jpg?v=1715829803,Dylan Sneakers White,$36.00
//us.princesspolly.com/cdn/shop/files/0_39ede8cb-c1c4-4a13-b1d5-8adabb448758_450x610.jpg?v=1715829803,Saxton Loafers Black,$27.00
//us.princesspolly.com/cdn/shop/files/0_39ede8cb-c1c4-4a13-b1d5-8adabb448758_450x610.jpg?v=1715829803,Millard Platform Heels Black,$47.00
//us.princesspolly.com/cdn/shop/files/0_39ede8cb-c1c4-4a13-b1d5-8adabb448758_450x610.jpg?v=1715829803,Billini Talen Slides Alabaster,$33.00
//us.princesspolly.com/cdn/shop/files/0_39ede8cb-c1c4-4a13-b1d5-8adabb448758_450x610.jpg?v=1715829803,Elana Boots Black,$21.00
//us.princesspolly.com/cdn/shop/files/0_39ede8cb-c1c4-4a13-b1d5-8adabb448758_450x610.jpg?v=1715829803,Levin Flats Beige / Black,$11.00
//us.princesspolly.com/cdn/shop/files/0_39ede8cb-c1c4-4a13-b1d5-8adabb448758_450x610.jpg?v=1715829803,Penny Lane Loafers Black High Shine,$52.50
//us.princesspolly.com/cdn/shop/files/0_39ede8cb-c1c4-4a13-b1d5-8adabb448758_450x610.jpg?v=1715829803,Jamie Croc Platform Boots Cream,$18.00
//us.princesspolly.com/cdn/shop/files/0_39ede8cb-c1c4-4a13-b1d5-8adabb448758_450x610.jpg?v=1715829803,Therapy Raid Sandals Black,$19.00
//us.princesspolly.com/cdn/shop/files/0_39ede8cb-c1c4-4a13-b1d5-8adabb448758_450x610.jpg?v=1715829803,Saxton Loafers Cream,$19.00
//us.princesspolly.com/cdn/shop/files/0_39ede8cb-c1c4-4a13-b1d5-8adabb448758_450x610.jpg?v=1715829803,Billini Cheyanne Heels Bone,$19.00
//us.princesspolly.com/cdn/shop/files/0_39ede8cb-c1c4-4a13-b1d5-8adabb448758_450x610.jpg?v=1715829803,Malayah Knit Boots Olive Green,$13.00
//us.princesspolly.com/cdn/shop/files/0_39ede8cb-c1c4-4a13-b1d5-8adabb448758_450x610.jpg?v=1715829803,Rue Chunky Sandals Black,$41.00
//us.princesspolly.com/cdn/shop/files/0_39ede8cb-c1c4-4a13-b1d5-8adabb448758_450x610.jpg?v=1715829803,Jacquline Loafers Black & White,$15.00
//us.princesspolly.com/cdn/shop/files/0_39ede8cb-c1c4-4a13-b1d5-8adabb448758_450x610.jpg?v=1715829803,Wrecked Western Boots Rust,$53.00
//us.princesspolly.com/cdn/shop/files/0_39ede8cb-c1c4-4a13-b1d5-8adabb448758_450x610.jpg?v=1715829803,Bonnie Boots Brown,$17.00
//us.princesspolly.com/cdn/shop/files/0_39ede8cb-c1c4-4a13-b1d5-8adabb448758_450x610.jpg?v=1715829803,Birdie Mule Sandals Black,$21.00
//us.princesspolly.com/cdn/shop/files/0_39ede8cb-c1c4-4a13-b1d5-8adabb448758_450x610.jpg?v=1715829803,Obey Combat Boots Black Croc,$21.00
//us.princesspolly.com/cdn/shop/files/0_39ede8cb-c1c4-4a13-b1d5-8adabb448758_450x610.jpg?v=1715829803,Billini Novena Boots Off White,$67.00
//us.princesspolly.com/cdn/shop/files/0_39ede8cb-c1c4-4a13-b1d5-8adabb448758_450x610.jpg?v=1715829803,Billini Yazmin Heels Nude,$35.00
//us.princesspolly.com/cdn/shop/files/0_39ede8cb-c1c4-4a13-b1d5-8adabb448758_450x610.jpg?v=1715829803,Exa Combat Boots Olive Green,$18.00
//us.princesspolly.com/cdn/shop/files/0_39ede8cb-c1c4-4a13-b1d5-8adabb448758_450x610.jpg?v=1715829803,Senorita Rubber Boots Cream,$13.00
//us.princesspolly.com/cdn/shop/files/0_39ede8cb-c1c4-4a13-b1d5-8adabb448758_450x610.jpg?v=1715829803,But U Mules Black Croc,$11.00
//us.princesspolly.com/cdn/shop/files/0_39ede8cb-c1c4-4a13-b1d5-8adabb448758_450x610.jpg?v=1715829803,Elijah Boots Cream,$15.00
//us.princesspolly.com/cdn/shop/files/0_39ede8cb-c1c4-4a13-b1d5-8adabb448758_450x610.jpg?v=1715829803,Billini Viva Heels Black,$39.00
//us.princesspolly.com/cdn/shop/files/0_39ede8cb-c1c4-4a13-b1d5-8adabb448758_450x610.jpg?v=1715829803,Helzel Sandals Black,$35.00
//us.princesspolly.com/cdn/shop/files/0_39ede8cb-c1c4-4a13-b1d5-8adabb448758_450x610.jpg?v=1715829803,Bronx Boots Brown,$24.00
//us.princesspolly.com/cdn/shop/files/0_39ede8cb-c1c4-4a13-b1d5-8adabb448758_450x610.jpg?v=1715829803,Bear Over The Knee Boots Black,$21.00
//us.princesspolly.com/cdn/shop/files/0_7033b807-df76-4ead-9c58-5b2d36ba57f6_450x610.jpg?v=1701399336,Cappie Boots Black,$19.00
//us.princesspolly.com/cdn/shop/files/RADDIX-FLATS-BLACK-1_450x610.jpg?v=1700103502,Raddix Flats Black,$19.00
//us.princesspolly.com/cdn/shop/files/0_eb4c4526-4d04-47db-b6c5-51744cb9682a_450x610.jpg?v=1697167326,Ledger Boots Slate,$12.00
//us.princesspolly.com/cdn/shop/files/0_3a838499-8781-4ab3-8dfa-934ecbf2667a_450x610.jpg?v=1715660712,Wrecked Western Boots Cream,$62.50
//us.princesspolly.com/cdn/shop/files/0_3a838499-8781-4ab3-8dfa-934ecbf2667a_450x610.jpg?v=1715660712,Pump It Up Platforms Black,$31.00
//us.princesspolly.com/cdn/shop/files/0_3a838499-8781-4ab3-8dfa-934ecbf2667a_450x610.jpg?v=1715660712,Unchained Patent Loafers,$11.00
//us.princesspolly.com/cdn/shop/files/0_3a838499-8781-4ab3-8dfa-934ecbf2667a_450x610.jpg?v=1715660712,Kelley Sandals Black,$24.00
//us.princesspolly.com/cdn/shop/files/0_3a838499-8781-4ab3-8dfa-934ecbf2667a_450x610.jpg?v=1715660712,Shalin Boots Cream,$21.00
//us.princesspolly.com/cdn/shop/files/0_3a838499-8781-4ab3-8dfa-934ecbf2667a_450x610.jpg?v=1715660712,Billini Stefani Heels White,$15.00
//us.princesspolly.com/cdn/shop/files/0_3a838499-8781-4ab3-8dfa-934ecbf2667a_450x610.jpg?v=1715660712,Elijah Boots Black,$21.00
//us.princesspolly.com/cdn/shop/files/0_3a838499-8781-4ab3-8dfa-934ecbf2667a_450x610.jpg?v=1715660712,Dockery Boots Black,$24.00
//us.princesspolly.com/cdn/shop/files/0_3a838499-8781-4ab3-8dfa-934ecbf2667a_450x610.jpg?v=1715660712,Billini Milla Croc Knee High Boots Black,$48.00
//us.princesspolly.com/cdn/shop/files/0_3a838499-8781-4ab3-8dfa-934ecbf2667a_450x610.jpg?v=1715660712,Baker Boots Vanilla,$15.00
//us.princesspolly.com/cdn/shop/files/0_3a838499-8781-4ab3-8dfa-934ecbf2667a_450x610.jpg?v=1715660712,Tailor Lace Up Boots Taupe,$13.00
//us.princesspolly.com/cdn/shop/files/0_3a838499-8781-4ab3-8dfa-934ecbf2667a_450x610.jpg?v=1715660712,Sani Flats Black,$19.00
//us.princesspolly.com/cdn/shop/files/0_3a838499-8781-4ab3-8dfa-934ecbf2667a_450x610.jpg?v=1715660712,Eastern Boots Black,$42.00
//us.princesspolly.com/cdn/shop/files/0_3a838499-8781-4ab3-8dfa-934ecbf2667a_450x610.jpg?v=1715660712,Damage Boots Black,$22.00
//us.princesspolly.com/cdn/shop/files/0_3a838499-8781-4ab3-8dfa-934ecbf2667a_450x610.jpg?v=1715660712,Billini Kasen Slides Taupe Suede,$56.00
//us.princesspolly.com/cdn/shop/files/0_3a838499-8781-4ab3-8dfa-934ecbf2667a_450x610.jpg?v=1715660712,Windsor Smith Confession Heels Black,$83.50
//us.princesspolly.com/cdn/shop/files/0_3a838499-8781-4ab3-8dfa-934ecbf2667a_450x610.jpg?v=1715660712,Gravity Mule Sandals Black,$29.00
//us.princesspolly.com/cdn/shop/files/0_3a838499-8781-4ab3-8dfa-934ecbf2667a_450x610.jpg?v=1715660712,Cappie Heels Black,$31.00
//us.princesspolly.com/cdn/shop/files/0_3a838499-8781-4ab3-8dfa-934ecbf2667a_450x610.jpg?v=1715660712,Alessa Boots Tan,$15.00
//us.princesspolly.com/cdn/shop/files/0_3a838499-8781-4ab3-8dfa-934ecbf2667a_450x610.jpg?v=1715660712,Jessica Mule Heels Red,$17.00
//us.princesspolly.com/cdn/shop/files/0_3a838499-8781-4ab3-8dfa-934ecbf2667a_450x610.jpg?v=1715660712,Mia Shoes Black High Shine,$29.00
//us.princesspolly.com/cdn/shop/files/0_3a838499-8781-4ab3-8dfa-934ecbf2667a_450x610.jpg?v=1715660712,Lazer Heels Black Croc,$24.00
